ClearCase,Clearcase Explorer,Process,[rup]/process/workflow/conf_mgt/wfd_ccm.htm,Configuration and Change Management Workflow,Rational Unified Process Configuration & Change Management: Workflow
ClearCase,Compare Baseline,Tool Mentors,[rup]/toolment/clearcase/tm_cmpbl.htm,Comparing Project Baselines Using Rational ClearCase,Rational Unified Process Tool Mentor: Comparing Baselines Using Rational ClearCase
ClearCase,Component Tree Browser,Tool Mentors,[rup]/toolment/clearcase/tm_cmpbl.htm,Comparing Project Baselines Using Rational ClearCase,Rational Unified Process Tool Mentor: Comparing Baselines Using Rational ClearCase
ClearCase,Context Menu Editor,Process,[rup]/process/workflow/conf_mgt/wfd_ccm.htm,Configuration and Change Management Workflow,Rational Unified Process Configuration & Change Management: Workflow
ClearCase,Context Menu Editor,Process,[rup]/process/activity/ac_wspba.htm,Set Up Configruation Management Environment,Rational Unified Process Activity: Set Up Configuration Management Environment
ClearCase,Diff Merge,Process,[rup]/process/activity/ac_prmci.htm,Deliver Changes,Rational Unified Process Activity: Deliver Changes
ClearCase,Diff Merge,Process,[rup]/process/activity/ac_intsy.htm,Integrate System,Rational Unified Process Activity: Integrate System
ClearCase,Find Checkouts,Tool Mentors,[rup]/toolment/clearcase/tm_delucm.htm,Delivering Your Work Using Rational ClearCase,Rational Unified Process Tool Mentor: Delivering Your Work Using Rational ClearCase
ClearCase,Find Checkouts,Tool Mentors,[rup]/toolment/clearcase/tm_rebucm.htm,Updating Your Project Work Area Using Rational ClearCase,Rational Unified Process Tool Mentor: Updating Your Project Work Area Using Rational ClearCase
ClearCase,History Browser,Process,[rup]/process/activity/ac_ckino.htm,Make Changes,Rational Unified Process Activity: Make Changes
ClearCase,Merge Manager,Process,[rup]/process/activity/ac_intsy.htm,Integrate System,Rational Unified Process Activity: Integrate System
ClearCase,Project Explorer,Tool Mentors,[rup]/toolment/clearcase/tm_stplc.htm,Setting Policies Using Rational ClearCase,Rational Unified Process Tool Mentor: Setting Policies Using Rational ClearCase
ClearCase,Report Builder,Process,[rup]/process/workflow/conf_mgt/wfd_monrpt.htm,Monitor and Report Configruation Status,Rational Unified Process Configuration & Change Management Workflow Detail: Monitor & Report Configuration Status
ClearCase,Type Explorer,Tool Mentors,[rup]/toolment/clearcase/tm_epcmp.htm,Setting Up the Implementation Model Using Rational ClearCase,Rational Unified Process Tool Mentor: Setting Up the Implementation Model Using Rational ClearCase
ClearCase,Version Tree Browser,Process,[rup]/process/activity/ac_ckino.htm,Make Changes,Rational Unified Process Activity: Make Changes
ClearCase,XMI Diff Merge,Process,[rup]/process/activity/ac_prmci.htm,Deliver Changes,Rational Unified Process Activity: Deliver Changes
ClearCase,XMI Diff,Process,[rup]/process/activity/ac_intsy.htm,Integrate System,Rational Unified Process Activity: Integrate System
ClearQuest,Client,Artifacts,[rup]/process/artifact/ar_crqst.htm,Change Request,Rational Unified Process Artifact: Change Requests
ClearQuest,Designer,Artifacts,[rup]/process/artifact/ar_crqst.htm,Properties of a Change Request,Rational Unified Process Artifact: Change Requests
ClearQuest,Client,Process,[rup]/process/activity/ac_epcmp.htm,Establish Change Control Process,Rational Unified Process Activity: Establish Change Control Process
ClearQuest,Designer,Process,[rup]/process/activity/ac_epcmp.htm,Establish Change Control Process,Rational Unified Process Activity: Establish Change Control Process
ClearQuest,Any,Tool Mentors,[rup]/toolment/clearquest/tm_cqmst.htm,Creating Multiple Sites,Rational Unified Process Tool Mentor: Creating Multiple Sites Using Rational ClearQuest
ClearQuest,Client,Tool Mentors,[rup]/toolment/clearquest/tm_repdd.htm,Reporting Defect Trends and Status,Rational Unified Process Tool Mentor: Reporting Defect Trends and Status Using Rational ClearQuest
ClearQuest,Client,Tool Mentors,[rup]/toolment/clearquest/tm_query.htm,Reporting Review and Work Status,Rational Unified Process Tool Mentor: Reporting Review and Work Status Using Rational ClearQuest
ClearQuest,Client,Tool Mentors,[rup]/toolment/clearquest/tm_mthis.htm,Viewing the History of a Defect,Rational Unified Process Tool Mentor: Viewing the History of a Defect Using Rational ClearQuest
ClearQuest,Client,Tool Mentors,[rup]/toolment/clearquest/tm_cplcr.htm,Submitting Change Requests,Rational Unified Process Tool Mentor: Submitting Change Requests Using Rational ClearQuest
ClearQuest,Designer,Tool Mentors,[rup]/toolment/clearquest/tm_crnot.htm,Defining Change and Review Notifications,Rational Unified Process Tool Mentor: Defining Change and Review Notifications Using Rational ClearQuest
ClearQuest,Designer,Tool Mentors,[rup]/toolment/clearquest/tm_escrp.htm,Establishing a Change Request Process,Rational Unified Process Tool Mentor: Establishing a Change Request Process Using Rational ClearQuest
PureCoverage,Any,Artifacts,[rup]/process/artifact/ar_tstcs.htm,Test case,Rational Unified Process Artifact: Test Case
PureCoverage,Any,Artifacts,[rup]/process/artifact/ar_crqst.htm,Change Request,Rational Unified Process Artifact: Change Requests
PureCoverage,Any,Concepts,[rup]/process/workflow/test/co_testr.htm,Test strategy,Rational Unified Process Concepts: Test Strategy
PureCoverage,Any,Concepts,[rup]/process/workflow/test/co_keyme.htm,Key measures in Test,Rational Unified Process Concepts: Key Measures of Testing
PureCoverage,Any,Guidelines,[rup]/process/modguide/md_tstcs.htm,Test case,Rational Unified Process Guidelines: Test Case
PureCoverage,Any,Process,[rup]/process/activity/ac_untst.htm,Unit testing,Rational Unified Process Activity: Perform Unit Tests
PureCoverage,Any,Tool Mentors,[rup]/toolment/vpcvg/tm_vpcvg.htm,Evaluating code coverage,Rational Unified Process Tool Mentor: Evaluating Code Coverage using Rational PureCoverage
Purify,Any,Artifacts,[rup]/process/artifact/ar_tstcs.htm,Test case,Rational Unified Process Artifact: Test Case
Purify,Any,Concepts,[rup]/process/workflow/test/co_testr.htm,Test strategy,Rational Unified Process Concepts: Test Strategy
Purify,Any,Guidelines,[rup]/process/modguide/md_tstcs.htm,Test case,Rational Unified Process Guidelines: Test Case
Purify,Any,Process,[rup]/process/activity/ac_untst.htm,Unit testing,Rational Unified Process Activity: Perform Unit Tests
Purify,Any,Tool Mentors,[rup]/toolment/purify/tm_purfy.htm,Detecting Run-Time Errors,Rational Unified Process Tool Mentor: Detecting Run-Time Errors Using Rational Purify
Purify,Any,Tool Mentors,[rup]/toolment/purify/tm_pfj.htm,Profiling Java Memory Usage,Rational Unified Process Tool Mentor: Profiling Java Memory Usage Using Rational Purify
Quantify,Any,Artifacts,[rup]/process/artifact/ar_tstcs.htm,Test case,Rational Unified Process Artifact: Test Case
Quantify,Any,Concepts,[rup]/process/workflow/test/co_testr.htm,Test strategy,Rational Unified Process Concepts: Test Strategy
Quantify,Any,Guidelines,[rup]/process/modguide/md_tstcs.htm,Test case,Rational Unified Process Guidelines: Test Case
Quantify,Any,Process,[rup]/process/activity/ac_untst.htm,Unit testing,Rational Unified Process Activity: Perform Unit Tests
Quantify,Any,Tool Mentors,[rup]/toolment/vqtfy/tm_vqtfy.htm,Finding Performance Bottlenecks,Rational Unified Process Tool Mentor: Finding Performance Bottlenecks using Rational Quantify
RationalTest,LoadTest,Artifacts,[rup]/process/artifact/ar_tstsc.htm,Test script,Rational Unified Process Artifact: Test Script
RationalTest,LoadTest,Artifacts,[rup]/process/artifact/ar_tstcs.htm,Test case,Rational Unified Process Artifact: Test Case
RationalTest,LoadTest,Artifacts,[rup]/process/artifact/ar_wlmod.htm,Workload Analysis Document,Rational Unified Process Artifact: Workload Analysis Document
RationalTest,Robot,Artifacts,[rup]/process/artifact/ar_tstsc.htm,Test script,Rational Unified Process Artifact: Test Script,,
RationalTest,Robot,Artifacts,[rup]/process/artifact/ar_tstatmarc.htm,Test Automation Architecture,Rational Unified Process Artifact: Test Automation Architecture,,
RationalTest,Robot,Artifacts,[rup]/process/artifact/ar_tstcs.htm,Test case,Rational Unified Process Artifact: Test Case,,
RationalTest,TestFactory,Artifacts,[rup]/process/artifact/ar_tstcs.htm,Test case,Rational Unified Process Artifact: Test Case,,
RationalTest,TestFactory,Artifacts,[rup]/process/artifact/ar_tstsc.htm,Test script,Rational Unified Process Artifact: Test Script,,
RationalTest,TestFactory,Artifacts,[rup]/process/artifact/ar_tstatmarc.htm,Test Automation Architecture,Rational Unified Process Artifact: Test Automation Architecture,,
RationalTest,TestManager,Artifacts,[rup]/process/artifact/ar_tstatmarc.htm,Test Automation Architecture,Rational Unified Process Artifact: Test Automation Architecture,,
RationalTest,TestManager,Artifacts,[rup]/process/artifact/ar_tstpl.htm,Test plan,Rational Unified Process Artifact: Test Plan,,
RationalTest,TestManager,Artifacts,[rup]/process/artifact/ar_tstcs.htm,Test case,Rational Unified Process Artifact: Test Case,,
RationalTest,TestManager,Artifacts,[rup]/process/artifact/ar_tstsc.htm,Test Script,Rational Unified Process Artifact: Test Script,,
RationalTest,TestManager,Artifacts,[rup]/process/artifact/ar_tstev.htm,Test Evaluation Summary,Rational Unified Process Artifact: Test Evaluation Summary,,
RationalTest,LoadTest,Concepts,[rup]/process/workflow/test/co_perfo.htm,Performance testing,Rational Unified Process Concepts: Performance Testing,,
RationalTest,LoadTest,Concepts,[rup]/process/workflow/test/co_perfo.htm,Performance testing,Rational Unified Process Concepts: Performance Testing,,
RationalTest,Robot,Concepts,[rup]/process/workflow/test/co_tytst.htm,Types of Tests,Rational Unified Process Concepts: Types of Tests, Rational Robot, and the Rational LogViewer
RationalTest,TestManager,Concepts,[rup]/process/workflow/test/co_testr.htm,Test strategy,Rational Unified Process Concepts: Test Strategy,,
RationalTest,TestManager,Concepts,[rup]/process/workflow/test/co_stage.htm,Stages of testing,Rational Unified Process Concepts: Stages of Test,,
RationalTest,TestManager,Concepts,[rup]/process/workflow/test/co_keyme.htm,Key measures in Test,Rational Unified Process Concepts: Key Measures of Testing
RationalTest,TestManager,Concepts,[rup]/process/workflow/test/co_lifet.htm,The Test lifecycle,Rational Unified Process Concepts: The Lifecycle of Testing
RationalTest,LoadTest,Guidelines,[rup]/process/modguide/md_wlmod.htm,Workload Analysis Document,Rational Unified Process Guidelines: Workload Analysis Document
RationalTest,LoadTest,Guidelines,[rup]/process/modguide/md_tstsc.htm,Test scripts,Rational Unified Process Guidelines: Test Script
RationalTest,LoadTest,Guidelines,[rup]/process/modguide/md_tstcs.htm,Test case,Rational Unified Process Guidelines: Test Case
RationalTest,Robot,Guidelines,[rup]/process/modguide/md_tstsc.htm,Test scripts,Rational Unified Process Guidelines: Test Script
RationalTest,Robot,Guidelines,[rup]/process/modguide/md_tstcs.htm,Test case,Rational Unified Process Guidelines: Test Case
RationalTest,TestFactory,Guidelines,[rup]/process/modguide/md_tstcs.htm,Test case,Rational Unified Process Guidelines: Test Case
RationalTest,TestFactory,Guidelines,[rup]/process/modguide/md_tstsc.htm,Test scripts,Rational Unified Process Guidelines: Test Script
RationalTest,TestManager,Guidelines,[rup]/process/modguide/md_tstsc.htm,Test script,Rational Unified Process Guidelines: Test Script
RationalTest,TestManager,Guidelines,[rup]/process/modguide/md_tstpl.htm,Test plan,Rational Unified Process Guidelines: Test Plan
RationalTest,Robot,Process,[rup]/process/activity/ac_untst.htm,Unit testing,Rational Unified Process Activity: Perform Unit Tests
RationalTest,TestManager,Process,[rup]/process/workflow/ovu_test.htm,Testing overview,Rational Unified Process Test: Overview
RationalTest,LoadTest,Process,[rup]/process/activity/ac_tst_dfntstdtl.htm,Define Test Details,Rational Unified Process Activity: Define Test Details
RationalTest,Administrator,Tool Mentors,[rup]/toolment/admin/tm_raconf.htm,Configuring Projects,Rational Unified Process Tool Mentor:Configuring Projects Using the Rational Administrator
RationalTest,Robot,Tool Mentors,[rup]/toolment/robot/tm_tsten.htm,Setting Up the Test Environment,Rational Unified Process Tool Mentor: Setting Up the Test Environment in Rational Robot
RationalTest,Robot,Tool Mentors,[rup]/toolment/robot/tm_extst.htm,Executing Tests,Rational Unified Process Tool Mentor: Executing Tests using Rational Robot
RationalTest,Robot,Tool Mentors,[rup]/toolment/robot/tm_imtst.htm,Creating Test Scripts,Rational Unified Process Tool Mentor: Creating Test Scripts using Rational Robot
RationalTest,Robot,Tool Mentors,[rup]/toolment/robot/tm_tstscr.htm,Creating Performance Test Scripts,Rational Unified Process Tool Mentor: Creating Performance Test Scripts with Rational Robot
RationalTest,TestFactory,Tool Mentors,[rup]/toolment/testfact/tm_tfenv.htm,Setting Up the Test Environment,Rational Unified Process Tool Mentor: Setting up the Test Environment in Rational TestFactory
RationalTest,TestFactory,Tool Mentors,[rup]/toolment/testfact/tm_tfgen.htm,Generating Test Scripts Automatically,Rational Unified Process Tool Mentor: Generating Test Scripts Automatically Using Rational TestFactory
RationalTest,TestFactory,Tool Mentors,[rup]/toolment/testfact/tm_tfts.htm,Executing a Suite of Test Scripts,Rational Unified Process Tool Mentor: Executing a Suite of Test Scripts Using Rational TestFactory
RationalTest,TestFactory,Tool Mentors,[rup]/toolment/testfact/tm_tfvsc.htm,Evaluating Test Coverage,Rational Unified Process Tool Mentor: Evaluating Test Coverage Using Rational TestFactory
RationalTest,TestFactory,Tool Mentors,[rup]/toolment/testfact/tm_tfvts.htm,Evaluating the Results of Executing a Suite of Test Scripts,Rational Unified Process Tool Mentor: Evaluating Results of Executing a Suite of Test Scripts Using Rational TestFactory
RationalTest,TestFactory,Tool Mentors,[rup]/toolment/testfact/tm_tfvtp.htm,Viewing Logs and Evaluating the Execution of Test,Rational Unified Process Tool Mentor: Viewing Logs and Evaluating the Execution of Test Using the Rational TestManager
RationalTest,TestFactory,Tool Mentors,[rup]/toolment/testfact/tm_tfcap.htm,Capturing the Results of Test Design for Automated Testing,Rational Unified Process Tool Mentor: Capturing the Results of Test Design for Automated Testing Using TestFactory
RationalTest,TestFactory,Tool Mentors,[rup]/toolment/testfact/tm_tfcvg.htm,Measuring and Evaluating code-based Test Coverage on Rational Robot Scripts,Rational Unified Process Tool Mentor: Measuring and Evaluating Code-based Test Coverage on Rational Robot Scripts Using Rational TestFactory
RationalTest,TestManager,Tool Mentors,[rup]/toolment/testmgr/tm_tstmn.htm,Performing Test Activities,Rational Unified Process Tool Mentor: Performing Test Activities using Rational TestManager
RationalTest,TestManager,Tool Mentors,[rup]/toolment/testmgr/tm_tstsuite.htm,Designing an Automated Test Suite,Rational Unified Process Tool Mentor: Designing an Automated Test Suite using Rational TestManager
RationalTest,TestManager,Tool Mentors,[rup]/toolment/testmgr/tm_extstsuite.htm,Executing a Test Suite,Rational Unified Process Tool Mentor: Executing a Test Suite using Rational TestManager
RationalTest,TestManager,Tool Mentors,[rup]/toolment/testmgr/tm_perftstsuite.htm,Creating Performance Test Suites,Rational Unified Process Tool Mentor: Creating, Executing, and Analyzing Performance Test Suites with Rational TestManager
RationalTest,TestManager,Tool Mentors,[rup]/toolment/testmgr/tm_tstcs.htm,Creating a Test Case,Rational Unified Process Tool Mentor: Creating a Test Case using Ratinal TestManager
RationalTest,TestManager,Tool Mentors,[rup]/toolment/testmgr/tm_tstpln.htm,Creating a Test Plan,Rational Unified Process Tool Mentor: Creating a Test Plan using Ratinal TestManager
ReqPro,Any,Artifacts,[rup]/process/artifact/ar_actor.htm,Describing Actors,Rational Unified Process Artifact: Actor
ReqPro,Any,Artifacts,[rup]/process/artifact/ar_uc.htm,Use Case,Rational Unified Process Artifact: Use Case
ReqPro,Any,Concepts,[rup]/process/workflow/requirem/co_req.htm,What is a Requirement?,Rational Unified Process Concepts: Requirements
ReqPro,Any,Concepts,[rup]/process/workflow/requirem/co_reqty.htm,Requirement types,Rational Unified Process Concepts: Types of Requirements
ReqPro,Any,Concepts,[rup]/process/workflow/requirem/co_trace.htm,Traceability,Rational Unified Process Concepts: Traceability
ReqPro,Any,Guidelines,[rup]/process/modguide/md_ucmod.htm,Use-Case Model,Rational Unified Process Guidelines: Use-Case Model
ReqPro,Any,Guidelines,[rup]/process/modguide/md_uc.htm,What is a Use Case?,Rational Unified Process Guidelines: Use Case
ReqPro,Any,Guidelines,[rup]/process/modguide/md_actor.htm,Identifying Actors,Rational Unified Process Guidelines: Actor
ReqPro,Any,Process,[rup]/process/workflow/requirem/wfs_unsh.htm,Eliciting requirements,Rational Unified Process Workflow Detail: Understand Stakeholders Needs
ReqPro,Any,Process,[rup]/process/activity/ac_mgdep.htm,How to maintain traceability,Rational Unified Process Activity: Manage Dependencies
ReqPro,Any,Process,[rup]/process/activity/ac_desuc.htm,Describing use cases,Rational Unified Process Activity: Detail a Use Case
ReqPro,Any,Process,[rup]/process/activity/ac_facuc.htm,Finding Actors and Use Cases,Rational Unified Process Activity: Find Actors and Use Cases
ReqPro,Any,Process,[rup]/process/workflow/requirem/in_req.htm,Requirements and Use Cases,Rational Unified Process Introduction to Requirements
ReqPro,Any,Process,[rup]/process/activity/ac_ccvoc.htm,Capture a common vocabulary,Rational Unified Process Activity: Capture a Common Vocabulary
ReqPro,Any,Process,[rup]/process/activity/ac_dvisn.htm,Developing a vision,Rational Unified Process Activity: Develop Vision
ReqPro,View,Process,[rup]/process/activity/ac_priuc.htm,Prioritizing Use Cases,Rational Unified Process Activity: Prioritize Use Cases
ReqPro,Any,Techniques,[rup]/process/workguid/wg_brnst.htm,Brainstorming techniques,Rational Unified Process Work Guidelines: Brain Storming and Idea Reduction
ReqPro,Any,Techniques,[rup]/process/workguid/wg_stbd.htm,Storyboarding,Rational Unified Process Work Guidelines: Storyboarding
ReqPro,Any,Techniques,[rup]/process/workguid/wg_rlpl.htm,Role-playing,Rational Unified Process Work Guidelines: Role Playing
ReqPro,Any,Techniques,[rup]/process/activity/ac_elstk.htm,Eliciting Stakeholder Requests,Rational Unified Process Activity: Elicit Stakeholder Requests
ReqPro,Any,Techniques,[rup]/process/activity/ac_rvucm.htm,Evaluating Use Cases,Rational Unified Process Activity: Review Requirements
ReqPro,Any,Techniques,[rup]/process/activity/ac_ucana.htm,Supplementing Use-Case Descriptions,Rational Unified Process Activity: Use-Case Analysis
ReqPro,Any,Techniques,[rup]/process/activity/chklists/ck_ucrlz.htm,Evaluating Use-Case Realizations,Rational Unified Process Checkpoints: Use-Case Realization
ReqPro,Any,Techniques,[rup]/process/workguid/wg_ucwsh.htm,Use-Case Workshop,Rational Unified Process Work Guidelines: Use-Case Workshop
ReqPro,Any,Tool Mentors,[rup]/toolment/reqpro/tm_review.htm,Reviewing Requirements,Rational Unified Process Tool Mentor: Reviewing Requirements Using Rational RequisitePro
ReqPro,Any,Tool Mentors,[rup]/toolment/reqpro/tm_adtpl.htm,Adding Templates,Rational Unified Process Tool Mentor: Adding Templates to Your Rational RequisitePro Project
ReqPro,Any,Tool Mentors,[rup]/toolment/reqpro/tm_rhist.htm,Viewing Requirement History,Rational Unified Process Tool Mentor: Viewing Requirement History Using Rational RequisitePro
ReqPro,Any,Tool Mentors,[rup]/toolment/reqpro/tm_rbase.htm,Baselining,Rational Unified Process Tool Mentor: Baselining a Rational RequisitePro Project
ReqPro,Any,Tool Mentors,[rup]/toolment/reqpro/tm_ccvcb.htm,Capturing a Common Vocabulary,Rational Unified Process Tool Mentor: Capturing a Common Vocabulary Using Rational RequisitePro
ReqPro,Any,Tool Mentors,[rup]/toolment/reqpro/tm_desuc.htm,Detailing a Use Case,Rational Unified Process Tool Mentor: Detailing a Use Case Using Rational RequisitePro
ReqPro,Any,Tool Mentors,[rup]/toolment/reqpro/tm_elstk.htm,Eliciting Stakeholder Requests,Rational Unified Process Tool Mentor: Eliciting Stakeholder Requests Using Rational RequisitePro
ReqPro,Any,Tool Mentors,[rup]/toolment/reqpro/tm_mgdep.htm,Managing Dependencies,Rational Unified Process Tool Mentor: Managing Dependencies Using Rational RequisitePro
ReqPro,Any,Tool Mentors,[rup]/toolment/reqpro/tm_dvisn.htm,Developing a Vision,Rational Unified Process Tool Mentor: Developing a Vision Using Rational RequisitePro
ReqPro,Any,Tool Mentors,[rup]/toolment/reqpro/tm_setup.htm,Setting Up the Test Environment,Rational Unified Process Tool Mentor: Setting Up Rational RequisitePro for a Project
ReqPro,Any,Tool Mentors,[rup]/toolment/reqpro/tm_rarchive.htm,Archiving Requirements,Rational Unified Process Tool Mentor: Archiving Requirements Using Rational RequisitePro
Rose,Class Diagram,Checklists,[rup]/process/activity/chklists/ck_dclss.htm,Design Class,Rational Unified Process Checkpoints: Design Class
Rose,Collaboration Diagram,Checklists,[rup]/process/activity/chklists/ck_ucrlz.htm,Use-Case Realization,Rational Unified Process Checkpoints: Use-Case Realization
Rose,Sequence Diagram,Checklists,[rup]/process/activity/chklists/ck_ucrlz.htm,Use-Case Realization,Rational Unified Process Checkpoints: Use-Case Realization
Rose,Class Diagram,Concepts,[rup]/process/workflow/ana_desi/co_pview.htm,The Process View,Rational Unified Process Concepts: Process View
Rose,Class Diagram,Concepts,[rup]/process/workflow/ana_desi/co_lview.htm,The Logical View,Rational Unified Process Concepts: Logical View
Rose,Deployment Diagram,Concepts,[rup]/process/workflow/ana_desi/co_dview.htm,The Deployment View,Rational Unified Process Concepts: Deployment View
Rose,Any,Guidelines,[rup]/process/modguide/md_ucrea.htm,Use-Case Realization,Rational Unified Process Guidelines: Use-Case Realization
Rose,Any,Guidelines,[rup]/process/modguide/md_dsub.htm,Design Subsystem,Rational Unified Process Guidelines: Design Subsystem
Rose,Class Diagram,Guidelines,[rup]/process/modguide/md_layer.htm,Layering,Rational Unified Process Guidelines: Layering
Rose,Class Diagram,Guidelines,[rup]/process/modguide/md_datmd.htm,Data Model,Rational Unified Process Guidelines: Data Model
Rose,Class Diagram,Guidelines,[rup]/process/modguide/md_clsdm.htm,Class Diagram,Rational Unified Process Guidelines: Class Diagram
Rose,Class Diagram,Guidelines,[rup]/process/modguide/md_gener.htm,Generalization,Rational Unified Process Guidelines: Generalization
Rose,Class Diagram,Guidelines,[rup]/process/modguide/md_aggrg.htm,Aggregation,Rational Unified Process Guidelines: Aggregation
Rose,Class Diagram,Guidelines,[rup]/process/modguide/md_assoc.htm,Associations,Rational Unified Process Guidelines: Association
Rose,Class Diagram,Guidelines,[rup]/process/modguide/md_despk.htm,Design Package,Rational Unified Process Guidelines: Design Package
Rose,Class Diagram,Guidelines,[rup]/process/modguide/md_class.htm,Design Class,Rational Unified Process Guidelines: Design Class
Rose,Collaboration Diagram,Guidelines,[rup]/process/modguide/md_coldm.htm,Collaboration Diagram,Rational Unified Process Guidelines: Collaboration Diagram
Rose,Component Diagram,Guidelines,[rup]/process/modguide/md_comp.htm,Component,Rational Unified Process Guidelines: Component
Rose,Component Diagram,Guidelines,[rup]/process/modguide/md_cmpdm.htm,Component Diagram,Rational Unified Process Guidelines: Component Diagram
Rose,Sequence Diagram,Guidelines,[rup]/process/modguide/md_seqdm.htm,Sequence Diagram,Rational Unified Process Guidelines: Sequence Diagram
Rose,Statechart Diagram,Guidelines,[rup]/process/modguide/md_stadm.htm,Statechart Diagram,Rational Unified Process Guidelines: Statechart Diagram
Rose,Use Case Diagram,Guidelines,[rup]/process/modguide/md_actor.htm,Actor,Rational Unified Process Guidelines: Actor
Rose,Use Case Diagram,Guidelines,[rup]/process/modguide/md_ucdgr.htm,Use-Case Diagram,Rational Unified Process Guidelines: Use-Case Diagram
Rose,Use Case Diagram,Guidelines,[rup]/process/modguide/md_ucpkg.htm,Packaging Use Cases,Rational Unified Process Guidelines: Use-Case Package
Rose,Use Case Diagram,Guidelines,[rup]/process/modguide/md_ucmod.htm,Use-Case Model,Rational Unified Process Guidelines: Use-Case Model
Rose,Use Case Diagram,Guidelines,[rup]/process/modguide/md_incl.htm,Include-Relationship,Rational Unified Process Guidelines: Include-Relationship
Rose,Use Case Diagram,Guidelines,[rup]/process/modguide/md_exrel.htm,Extend-Relationship,Rational Unified Process Guidelines: Extend-Relationship
Rose,Use Case Diagram,Guidelines,[rup]/process/modguide/md_comas.htm,Communicates-Association,Rational Unified Process Guidelines: Communicate-Association
Rose,Use Case Diagram,Guidelines,[rup]/process/modguide/md_uc.htm,Use Case,Rational Unified Process Guidelines: Use Case
Rose,Any,Process,[rup]/process/workflow/ana_desi/wfd_and.htm,Analysis and Design Workflow,Rational Unified Process Analysis & Design: Workflow Details
Rose,Class Diagram,Process,[rup]/process/activity/ac_cldes.htm,Designing Classes,Rational Unified Process Activity: Class Design
Rose,Sequence Diagram,Process,[rup]/process/activity/ac_subds.htm,Using Sequence Diagrams in Subsystem Design,Rational Unified Process Activity: Subsystem Design
Rose,Use Case Diagram,Process,[rup]/process/activity/ac_rvucm.htm,Evaluating Use Cases,Rational Unified Process Activity: Review Requirements
Rose,Use Case Diagram,Process,[rup]/process/activity/ac_facuc.htm,Finding Actors and Use Cases,Rational Unified Process Activity: Find Actors and Use Cases
Rose,Use Case Diagram,Process,[rup]/process/activity/ac_desuc.htm,Designing Use Cases,Rational Unified Process Activity: Detail a Use Case
Rose,Use Case Diagram,Techniques,[rup]/process/workguid/wg_ucwsh.htm,Use-Case Workshop,Rational Unified Process Work Guidelines: Use-Case Workshop
Rose,Any,Tool Mentors,[rup]/toolment/rose/tm_desmd.htm,Managing the Design Model,Rational Unified Process Tool Mentor: Managing the Design Model Using Rational Rose
Rose,Any,Tool Mentors,[rup]/toolment/rose/tm_ards5.htm,Reverse-Engineering Code,Rational Unified Process Tool Mentor: Reverse-Engineering Code Using Rational Rose
Rose,Any,Tool Mentors,[rup]/toolment/rose/tm_dtmod.htm,Designing and Modeling Databases,Rational Unified Process Tool Mentor: Designing and Modeling Databases Using Rational Rose Data Modeler
Rose,Any,Tool Mentors,[rup]/toolment/rose/tm_setup.htm,Setting Up Rational Rose for a Project,Rational Unified Process Tool Mentor: Setting Up Rational Rose for a Project
Rose,Any,Tool Mentors,[rup]/toolment/rose/tm_rose2cc.htm,Accessing Rational ClearCase,Rational Unified Process Tool Mentor: Accessing Rational ClearCase from Rational Rose
Rose,Any,Tool Mentors,[rup]/toolment/rose/tm_usingmi.htm,Comparing and Merging Rational Rose Models,Rational Unified Process Tool Mentor: Comparing and Merging Rational Rose Models Using Model Integrator
Rose,Any,Tool Mentors,[rup]/toolment/rose/tm_webpubmod.htm,Publishing Web-based Rational Rose Models,Rational Unified Process Tool Mentor: Publishing Web-based Rational Rose Models Using Web Publisher
Rose,Any,Tool Mentors,[rup]/toolment/rose/tm_rosefe.htm,Generating elements from a Model,Rational Unified Process Tool Mentor: Generating Elements from a Model Using Rational Rose
Rose,Class Diagram,Tool Mentors,[rup]/toolment/rose/tm_ards3.htm,Managing Interfaces,Rational Unified Process Tool Mentor: Managing Interfaces Using Rational Rose
Rose,Class Diagram,Tool Mentors,[rup]/toolment/rose/tm_proc.htm,Documenting the Process View,Rational Unified Process Tool Mentor: Documenting the Process View Using Rational Rose
Rose,Class Diagram,Tool Mentors,[rup]/toolment/rose/tm_class.htm,Managing Classes,Rational Unified Process Tool Mentor: Managing Classes Using Rational Rose
Rose,Class Diagram,Tool Mentors,[rup]/toolment/rose/tm_dssub.htm,Managing Subsystems,Rational Unified Process Tool Mentor: Managing Subsystems Using Rational Rose
Rose,Collaboration Diagram,Tool Mentors,[rup]/toolment/rose/tm_ucrea.htm,Creating Use-Case Realizations,Rational Unified Process Tool Mentor: Creating Use-Case Realizations Using Rational Rose
Rose,Collaboration Diagram,Tool Mentors,[rup]/toolment/rose/tm_ucds2.htm,Managing Collaboration Diagrams,Rational Unified Process Tool Mentor: Managing Collaboration Diagrams Using Rational Rose
Rose,Collaboration Diagram,Tool Mentors,[rup]/toolment/rose/tm_ucana.htm,Capturing the Results of Use-Case Analysis,Rational Unified Process Tool Mentor: Capturing the Results of Use-Case Analysis Using Rational Rose
Rose,Component Diagram,Tool Mentors,[rup]/toolment/rose/tm_strim.htm,Structuring the Implementation Model,Rational Unified Process Tool Mentor: Structuring the Implementation Model Using Rational Rose
Rose,Deployment Diagram,Tool Mentors,[rup]/toolment/rose/tm_dist.htm,Creating Use-Case Realizations,Rational Unified Process Tool Mentor: Documenting the Deployment Model Using Rational Rose
Rose,Sequence Diagram,Tool Mentors,[rup]/toolment/rose/tm_ucds1.htm,Managing Sequence Diagrams,Rational Unified Process Tool Mentor: Managing Sequence Diagrams Using Rational Rose
Rose,Sequence Diagram,Tool Mentors,[rup]/toolment/rose/tm_ucrea.htm,Documenting Use-Case Realizations,Rational Unified Process Tool Mentor: Creating Use-Case Realizations Using Rational Rose
Rose,Sequence Diagram,Tool Mentors,[rup]/toolment/rose/tm_ucana.htm,Capturing the Results of Use-Case Analysis,Rational Unified Process Tool Mentor: Capturing the Results of Use-Case Analysis Using Rational Rose
Rose,Use Case Diagram,Tool Mentors,[rup]/toolment/rose/tm_fauc2.htm,Finding Actors and Use Cases,Rational Unified Process Tool Mentor: Finding Actors and Use Cases Using Rational Rose
Rose,Use Case Diagram,Tool Mentors,[rup]/toolment/rose/tm_desuc.htm,Detailing a Use Case,Rational Unified Process Tool Mentor: Detailing a Use Case Using Rational Rose
Rose,Use Case Diagram,Tool Mentors,[rup]/toolment/rose/tm_stucm.htm,Structuring the Use Case Model,Rational Unified Process Tool Mentor: Structuring the Use-Case Model Using Rational Rose
Rose,Any,UML,[rup]/process/stertype.htm,Stereotypes,Rational Unified Process Stereotype References
Rose,Class Diagram,UML,[rup]/process/artifact/ar_dsub.htm,Design Subsystem,Rational Unified Process Artifact: Design Subsystem
Rose,Class Diagram,UML,[rup]/process/modguide/md_aggrg.htm,Aggregation,Rational Unified Process Guidelines: Aggregation
Rose,Class Diagram,UML,[rup]/process/modguide/md_assoc.htm,Associations,Rational Unified Process Guidelines: Association
Rose,Class Diagram,UML,[rup]/process/artifact/ar_class.htm,Design Class,Rational Unified Process Artifact: Design Class
Rose,Class Diagram,UML,[rup]/process/modguide/md_gener.htm,Generalization,Rational Unified Process Guidelines: Generalization
Rose,Class Diagram,UML,[rup]/process/modguide/md_andid.htm,Import-Dependency,Rational Unified Process Guidelines: Import Dependency in Design
Rose,Collaboration Diagram,UML,[rup]/process/artifact/ar_ucrea.htm,Use-Case Realization,Rational Unified Process Artifact: Use-Case Realization
Rose,Component Diagram,UML,[rup]/process/modguide/md_cmpdm.htm,Component Diagram,Rational Unified Process Guidelines: Component Diagram
Rose,Component Diagram,UML,[rup]/process/artifact/ar_comp.htm,Component,Rational Unified Process Artifact: Component
Rose,Sequence Diagram,UML,[rup]/process/artifact/ar_ucrea.htm,Use-Case Realization,Rational Unified Process Artifact: Use-Case Realization
Rose,Use Case Diagram,UML,[rup]/process/artifact/ar_ucpkg.htm,Use-Case Package,Rational Unified Process Artifact: Use-Case Package
Rose,Use Case Diagram,UML,[rup]/process/modguide/md_incl.htm,Include-Relationship,Rational Unified Process Guidelines: Include-Relationship
Rose,Use Case Diagram,UML,[rup]/process/modguide/md_exrel.htm,Extend-Relationship,Rational Unified Process Guidelines: Extend-Relationship
Rose,Use Case Diagram,UML,[rup]/process/modguide/md_comas.htm,Communicates-Association,Rational Unified Process Guidelines: Communicate-Association
Rose,Use Case Diagram,UML,[rup]/process/artifact/ar_actor.htm,Actor,Rational Unified Process Artifact: Actor
Rose,Use Case Diagram,UML,[rup]/process/artifact/ar_uc.htm,Use Case,Rational Unified Process Artifact: Use Case
Rose,Use Case Diagram,UML,[rup]/process/modguide/md_ucgen.htm,Use-Case Generalization,Rational Unified Process Guidelines: Use-Case-Generalization
Rose RealTime,Class Diagram,Checklists,[rup]/process/activity/chklists/ck_dclss.htm,Design Class,Rational Unified Process Checkpoints: Design Class
Rose RealTime,Collaboration Diagram,Checklists,[rup]/process/activity/chklists/ck_ucrlz.htm,Use-Case Realization,Rational Unified Process Checkpoints: Use-Case Realization
Rose RealTime,Sequence Diagram,Checklists,[rup]/process/activity/chklists/ck_ucrlz.htm,Use-Case Realization,Rational Unified Process Checkpoints: Use-Case Realization
Rose RealTime,Class Diagram,Concepts,[rup]/process/workflow/ana_desi/co_pview.htm,The Process View,Rational Unified Process Concepts: Process View
Rose RealTime,Class Diagram,Concepts,[rup]/process/workflow/ana_desi/co_lview.htm,The Logical View,Rational Unified Process Concepts: Logical View
Rose RealTime,Deployment Diagram,Concepts,[rup]/process/workflow/ana_desi/co_dview.htm,The Deployment View,Rational Unified Process Concepts: Deployment View
Rose RealTime,Any,Guidelines,[rup]/process/modguide/md_ucrea.htm,Use-Case Realization,Rational Unified Process Guidelines: Use-Case Realization
Rose RealTime,Any,Guidelines,[rup]/process/modguide/md_dsub.htm,Design Subsystem,Rational Unified Process Guidelines: Design Subsystem
Rose RealTime,Class Diagram,Guidelines,[rup]/process/modguide/md_layer.htm,Layering,Rational Unified Process Guidelines: Layering
Rose RealTime,Class Diagram,Guidelines,[rup]/process/modguide/md_datmd.htm,Data Model,Rational Unified Process Guidelines: Data Model
Rose RealTime,Class Diagram,Guidelines,[rup]/process/modguide/md_clsdm.htm,Class Diagram,Rational Unified Process Guidelines: Class Diagram
Rose RealTime,Class Diagram,Guidelines,[rup]/process/modguide/md_gener.htm,Generalization,Rational Unified Process Guidelines: Generalization
Rose RealTime,Class Diagram,Guidelines,[rup]/process/modguide/md_aggrg.htm,Aggregation,Rational Unified Process Guidelines: Aggregation
Rose RealTime,Class Diagram,Guidelines,[rup]/process/modguide/md_assoc.htm,Associations,Rational Unified Process Guidelines: Association
Rose RealTime,Class Diagram,Guidelines,[rup]/process/modguide/md_despk.htm,Design Package,Rational Unified Process Guidelines: Design Package
Rose RealTime,Class Diagram,Guidelines,[rup]/process/modguide/md_class.htm,Design Class,Rational Unified Process Guidelines: Design Class
Rose RealTime,Collaboration Diagram,Guidelines,[rup]/process/modguide/md_coldm.htm,Collaboration Diagram,Rational Unified Process Guidelines: Collaboration Diagram
Rose RealTime,Component Diagram,Guidelines,[rup]/process/modguide/md_comp.htm,Component,Rational Unified Process Guidelines: Component
Rose RealTime,Component Diagram,Guidelines,[rup]/process/modguide/md_cmpdm.htm,Component Diagram,Rational Unified Process Guidelines: Component Diagram
Rose RealTime,Sequence Diagram,Guidelines,[rup]/process/modguide/md_seqdm.htm,Sequence Diagram,Rational Unified Process Guidelines: Sequence Diagram
Rose RealTime,Statechart Diagram,Guidelines,[rup]/process/modguide/md_stadm.htm,Statechart Diagram,Rational Unified Process Guidelines: Statechart Diagram
Rose RealTime,Use Case Diagram,Guidelines,[rup]/process/modguide/md_actor.htm,Actor,Rational Unified Process Guidelines: Actor
Rose RealTime,Use Case Diagram,Guidelines,[rup]/process/modguide/md_ucdgr.htm,Use-Case Diagram,Rational Unified Process Guidelines: Use-Case Diagram
Rose RealTime,Use Case Diagram,Guidelines,[rup]/process/modguide/md_ucpkg.htm,Packaging Use Cases,Rational Unified Process Guidelines: Use-Case Package
Rose RealTime,Use Case Diagram,Guidelines,[rup]/process/modguide/md_ucmod.htm,Use-Case Model,Rational Unified Process Guidelines: Use-Case Model
Rose RealTime,Use Case Diagram,Guidelines,[rup]/process/modguide/md_incl.htm,Include-Relationship,Rational Unified Process Guidelines: Include-Relationship
Rose RealTime,Use Case Diagram,Guidelines,[rup]/process/modguide/md_exrel.htm,Extend-Relationship,Rational Unified Process Guidelines: Extend-Relationship
Rose RealTime,Use Case Diagram,Guidelines,[rup]/process/modguide/md_comas.htm,Communicates-Association,Rational Unified Process Guidelines: Communicate-Association
Rose RealTime,Use Case Diagram,Guidelines,[rup]/process/modguide/md_uc.htm,Use Case,Rational Unified Process Guidelines: Use Case
Rose RealTime,Any,Process,[rup]/process/workflow/ana_desi/wfd_and.htm,Analysis and Design Workflow,Rational Unified Process Analysis & Design: Workflow Details
Rose RealTime,Class Diagram,Process,[rup]/process/activity/ac_cldes.htm,Designing Classes,Rational Unified Process Activity: Class Design
Rose RealTime,Sequence Diagram,Process,[rup]/process/activity/ac_subds.htm,Using Sequence Diagrams in Subsystem Design,Rational Unified Process Activity: Subsystem Design
Rose RealTime,Use Case Diagram,Process,[rup]/process/activity/ac_rvucm.htm,Evaluating Use Cases,Rational Unified Process Activity: Review Requirements
Rose RealTime,Use Case Diagram,Process,[rup]/process/activity/ac_facuc.htm,Finding Actors and Use Cases,Rational Unified Process Activity: Find Actors and Use Cases
Rose RealTime,Use Case Diagram,Process,[rup]/process/activity/ac_desuc.htm,Designing Use Cases,Rational Unified Process Activity: Detail a Use Case
Rose RealTime,Use Case Diagram,Techniques,[rup]/process/workguid/wg_ucwsh.htm,Use-Case Workshop,Rational Unified Process Work Guidelines: Use-Case Workshop
Rose RealTime,Any,UML,[rup]/process/stertype.htm,Stereotypes,Rational Unified Process Stereotype References
Rose RealTime,Class Diagram,UML,[rup]/process/artifact/ar_dsub.htm,Design Subsystem,Rational Unified Process Artifact: Design Subsystem
Rose RealTime,Class Diagram,UML,[rup]/process/modguide/md_aggrg.htm,Aggregation,Rational Unified Process Guidelines: Aggregation
Rose RealTime,Class Diagram,UML,[rup]/process/modguide/md_assoc.htm,Associations,Rational Unified Process Guidelines: Association
Rose RealTime,Class Diagram,UML,[rup]/process/artifact/ar_class.htm,Design Class,Rational Unified Process Artifact: Design Class
Rose RealTime,Class Diagram,UML,[rup]/process/modguide/md_gener.htm,Generalization,Rational Unified Process Guidelines: Generalization
Rose RealTime,Class Diagram,UML,[rup]/process/modguide/md_andid.htm,Import-Dependency,Rational Unified Process Guidelines: Import Dependency in Design
Rose RealTime,Collaboration Diagram,UML,[rup]/process/artifact/ar_ucrea.htm,Use-Case Realization,Rational Unified Process Artifact: Use-Case Realization
Rose RealTime,Component Diagram,UML,[rup]/process/modguide/md_cmpdm.htm,Component Diagram,Rational Unified Process Guidelines: Component Diagram
Rose RealTime,Component Diagram,UML,[rup]/process/artifact/ar_comp.htm,Component,Rational Unified Process Artifact: Component
Rose RealTime,Sequence Diagram,UML,[rup]/process/artifact/ar_ucrea.htm,Use-Case Realization,Rational Unified Process Artifact: Use-Case Realization
Rose RealTime,Use Case Diagram,UML,[rup]/process/artifact/ar_ucpkg.htm,Use-Case Package,Rational Unified Process Artifact: Use-Case Package
Rose RealTime,Use Case Diagram,UML,[rup]/process/modguide/md_incl.htm,Include-Relationship,Rational Unified Process Guidelines: Include-Relationship
Rose RealTime,Use Case Diagram,UML,[rup]/process/modguide/md_exrel.htm,Extend-Relationship,Rational Unified Process Guidelines: Extend-Relationship
Rose RealTime,Use Case Diagram,UML,[rup]/process/modguide/md_comas.htm,Communicates-Association,Rational Unified Process Guidelines: Communicate-Association
Rose RealTime,Use Case Diagram,UML,[rup]/process/artifact/ar_actor.htm,Actor,Rational Unified Process Artifact: Actor
Rose RealTime,Use Case Diagram,UML,[rup]/process/artifact/ar_uc.htm,Use Case,Rational Unified Process Artifact: Use Case
Rose RealTime,Use Case Diagram,UML,[rup]/process/modguide/md_ucgen.htm,Use-Case Generalization,Rational Unified Process Guidelines: Use-Case-Generalization
SoDA,Any,Tool Mentors,[rup]/toolment/soda/tm_actor.htm,Creating an Actor Report,Rational Unified Process Tool Mentor: Creating an Actor Report Using Rational SoDA
SoDA,Any,Tool Mentors,[rup]/toolment/soda/tm_clrep.htm,Creating a Class Report,Rational Unified Process Tool Mentor: Creating a Class Report Using Rational SoDA
SoDA,Any,Tool Mentors,[rup]/toolment/soda/tm_desms.htm,Creating a Design Model Survey,Rational Unified Process Tool Mentor: Creating a Design Model Survey Using Rational SoDA
SoDA,Any,Tool Mentors,[rup]/toolment/soda/tm_sad.htm,Create the Software Architecture Document,Rational Unified Process Tool Mentor: Creating the Software Architecture Document Using Rational SoDA
SoDA,Any,Tool Mentors,[rup]/toolment/soda/tm_ucrep.htm,Creating a Use-Case Report,Rational Unified Process Tool Mentor: Creating a Use-Case Report Using Rational SoDA
SoDA,Any,Tool Mentors,[rup]/toolment/soda/tm_pkrep.htm,Creating a Package Report,Rational Unified Process Tool Mentor: Creating a Package Report Using Rational SoDA
SoDA,Any,Tool Mentors,[rup]/toolment/soda/tm_ucrrp.htm,Creating a Use-Case Realization Report,Rational Unified Process Tool Mentor: Creating a Use-Case Realization Report Using Rational SoDA
SoDA,Any,Tool Mentors,[rup]/toolment/soda/tm_ucstb.htm,Creating a Use-Case Storyboard Report,Rational Unified Process Tool Mentor: Creating a Use-Case Storyboard Report Using Rational SoDA
SoDA,Any,Tool Mentors,[rup]/toolment/soda/tm_ucmsv.htm,Creating a Use-Case Model Survey Report,Rational Unified Process Tool Mentor: Creating a Use-Case Model Survey Report Using Rational SoDA
